{"carName": true, "tyreCompound": 0, "tyrePressure": [0, 0, 1, 0], "camber": [3, 3, 4, 4], "toe": [0, 0, 5, 5], "staticCamber": [0.3027470111846924, 0.30350518226623535, 0.4309694766998291, 0.43003058433532715], "toeOutLinear": [-6.041082087904215e-07, -7.415947038680315e-07, 0.0001154068304458633, 0.00011535698286024854], "casterLF": 0, "casterRF": 0, "steerRatio": 1, "tC1": 0, "tC2": 0, "abs": 0, "eCUMap": 0, "fuelMix": 0, "telemetryLaps": -6, "fuel": 0, "nPitStops": 0, "tyreSet": 1, "frontBrakePadCompound": 0, "rearBrakePadCompound": 0, "fuelPerLap": 0.007577419281005859, "aRBFront": 1, "aRBRear": -1, "wheelRate": [1, 1, 0, 0], "bumpStopRateUp": [-2, -2, 0, 0], "bumpStopRateDn": [0, 0, 0, 0], "bumpStopWindow": [10, 10, 10, 10], "brakeTorque": 0, "brakeBias": 2, "bumpSlow": [3, 3, 6, 6], "bumpFast": [0, 0, 0, 0], "reboundSlow": [4, 4, 6, 6], "reboundFast": [0, 0, 0, 0], "rideHeight": [0, 0, -1, 0], "rodLength": [-1.6700439453125, -1.6700439453125, -1.2352590560913086, -1.2352590560913086], "splitter": 0, "rearWing": 0, "brakeDuct": [0, -1], "preload": 1, "trackBopType": 0}